epoch,case_id,tooth_id,is_hard_case,sym_mean,sym_p95,gt_to_pred_mean,pred_to_gt_mean,no_curve,h_pred_max,h_pred_p99,vox03,cc_count,lcc_ratio,wrap_coverage,pred_curve_voxels,gt_curve_voxels
22,ToothFairy3F_040,11,0,1.3148770332336426,3.0,1.4742133617401123,0.5855437517166138,0,0.9991588592529297,0.6795600968599244,7920,1,1.0,0.4189189189189189,97,444
22,ToothFairy3F_040,12,0,2.1224889755249023,4.353086185455321,2.28933048248291,1.326636791229248,0,0.9988441467285156,0.4521641778945925,6559,1,1.0,0.26506024096385544,87,415
22,ToothFairy3F_040,13,0,1.166132926940918,2.4494898319244385,1.321602463722229,0.4503565728664398,0,0.999530553817749,0.8352038943767545,8080,1,1.0,0.4860215053763441,101,465
22,ToothFairy3F_040,14,0,1.6835393905639648,3.5914062738418546,1.8224693536758423,1.0372800827026367,0,0.9995467066764832,0.7076983749866079,7418,1,1.0,0.3188405797101449,89,414
22,ToothFairy3F_040,15,0,1.336043357849121,2.8284270763397217,1.476986289024353,0.6647489070892334,0,0.9996904134750366,0.9520298284292223,8492,1,1.0,0.40476190476190477,97,462
22,ToothFairy3F_040,16,0,1.3565670251846313,3.0,1.5038306713104248,0.6872864365577698,0,0.999591052532196,0.973140304088592,12128,1,1.0,0.41707717569786534,134,609
22,ToothFairy3F_040,17,0,1.7189534902572632,3.2162992119788982,1.853157639503479,1.1058614253997803,0,0.999717652797699,0.9544794684648429,12091,1,1.0,0.23307086614173228,139,635
22,ToothFairy3F_040,21,0,1.8189811706542969,3.7416574954986572,1.975981593132019,0.9938559532165527,0,0.9998133778572083,0.964815430045127,9446,1,1.0,0.28964059196617337,90,473
22,ToothFairy3F_040,22,0,1.7119472026824951,3.316624879837036,1.853836178779602,1.0449057817459106,0,0.9991167187690735,0.47634787291288694,6653,1,1.0,0.28117359413202936,87,409
22,ToothFairy3F_040,23,0,1.526185393333435,3.0,1.6601368188858032,0.9113484025001526,0,0.9992400407791138,0.8786355113983142,8830,1,1.0,0.31808278867102396,100,459
22,ToothFairy3F_040,24,0,1.6111118793487549,3.7416574954986572,1.7686270475387573,0.7815307378768921,0,0.9995513558387756,0.8570424473285689,7413,1,1.0,0.34810126582278483,90,474
22,ToothFairy3F_040,25,0,2.391460657119751,5.0,2.576328992843628,1.4985861778259277,0,0.9995384216308594,0.9561377209424973,8682,1,1.0,0.1894273127753304,94,454
22,ToothFairy3F_040,26,0,1.4202187061309814,3.0,1.550356149673462,0.7951490879058838,0,0.9996836185455322,0.9776800835132587,12431,1,1.0,0.3655737704918033,127,610
22,ToothFairy3F_040,27,0,1.8313921689987183,4.516311931610105,1.96962308883667,1.192848801612854,0,0.9998307228088379,0.970934289693831,11859,1,1.0,0.3166397415185784,134,619
22,ToothFairy3F_040,31,0,1.8037887811660767,4.116950249671935,1.9773398637771606,0.9003016948699951,0,0.9917535781860352,0.0005445945123210384,2954,1,1.0,0.24293785310734464,68,354
22,ToothFairy3F_040,32,1,1.5855144262313843,3.1622776985168457,1.720970630645752,0.9119438529014587,0,0.9971861243247986,0.0003569358788081435,3078,1,1.0,0.33608815426997246,73,363
22,ToothFairy3F_040,33,0,1.4514141082763672,3.0,1.5941178798675537,0.7786686420440674,0,0.9985129237174988,0.0006444158061640292,4511,1,1.0,0.34032634032634035,91,429
22,ToothFairy3F_040,34,0,1.5029542446136475,3.0,1.649191975593567,0.7923884391784668,0,0.9980491399765015,0.0020740125025622523,5382,1,1.0,0.3113456464379947,78,379
22,ToothFairy3F_040,35,0,1.5158095359802246,3.1622776985168457,1.6710013151168823,0.7790577411651611,0,0.9979448914527893,0.009305954314768196,6694,1,1.0,0.36363636363636365,95,451
22,ToothFairy3F_040,36,0,2.38187575340271,8.963776826858515,1.7029542922973633,3.8941311836242676,0,0.9996676445007324,0.2984118282794953,11788,3,0.9855785544621649,0.34035656401944897,277,617
22,ToothFairy3F_040,41,1,2.308043956756592,5.356812858581536,2.4921395778656006,1.3408942222595215,0,0.9937160611152649,0.0005251395056256643,3152,1,1.0,0.2546916890080429,71,373
22,ToothFairy3F_040,42,1,2.290105104446411,6.418647575378417,2.477590799331665,1.3396551609039307,0,0.9943833351135254,0.0004196382444933951,3236,1,1.0,0.2602739726027397,72,365
22,ToothFairy3F_040,43,0,4.248311519622803,11.357816696166992,4.570040702819824,2.20464825630188,0,0.9935348033905029,0.00048115253157447844,1737,5,0.5164075993091537,0.10421286031042129,71,451
22,ToothFairy3F_040,44,0,1.4719406366348267,3.1622776985168457,1.625138759613037,0.7318145036697388,0,0.9991829991340637,0.002066570923198021,5796,1,1.0,0.3602150537634409,77,372
22,ToothFairy3F_040,45,0,1.5979129076004028,3.7804088711738526,1.7561662197113037,0.8029650449752808,0,0.9990352392196655,0.01029819970019145,6901,1,1.0,0.3541666666666667,86,432
22,ToothFairy3F_040,46,0,1.5734118223190308,3.605551242828369,1.7094100713729858,0.906582236289978,0,0.9990932941436768,0.031797291710972786,9814,1,1.0,0.3470394736842105,124,608
22,ToothFairy3F_044,31,1,3.7679786682128906,6.726735353469849,3.996476173400879,2.54388427734375,0,0.9941707253456116,0.00044630109361605563,2866,1,1.0,0.0033333333333333335,56,300
22,ToothFairy3F_044,32,1,2.4471607208251953,4.582575798034668,2.6179003715515137,1.5570756196975708,0,0.9955981373786926,0.0005130769161041858,3986,1,1.0,0.14779874213836477,61,318
22,ToothFairy3F_044,33,0,2.6842353343963623,4.898979663848877,2.8136773109436035,2.044464349746704,0,0.9981898665428162,0.0029441327438689477,6462,1,1.0,0.14418604651162792,87,430
22,ToothFairy3F_044,34,0,2.198171615600586,4.358899116516113,2.364849328994751,1.3504970073699951,0,0.9986530542373657,0.002185310896020351,5944,1,1.0,0.20224719101123595,70,356
22,ToothFairy3F_044,35,0,1.7699246406555176,4.224710249900814,1.946049690246582,0.8446486592292786,0,0.9988572597503662,0.004068079022690357,6546,1,1.0,0.3109919571045576,71,373
22,ToothFairy3F_044,36,1,3.5987448692321777,8.66025447845459,2.817038059234619,4.7027201652526855,0,0.999575674533844,0.2174770237505423,11428,2,0.9999124956247812,0.1122754491017964,473,668
22,ToothFairy3F_044,41,0,3.034522771835327,4.582575798034668,3.190512180328369,2.2487964630126953,0,0.9930114150047302,0.0004433094357955254,3147,1,1.0,0.05514705882352941,54,272
22,ToothFairy3F_044,42,0,2.1343135833740234,4.358899116516113,2.3214337825775146,1.130670189857483,0,0.9967119693756104,0.0005165635520825186,4018,1,1.0,0.18983050847457628,55,295
22,ToothFairy3F_044,43,0,2.915088176727295,8.62549705505371,3.1858627796173096,1.381750464439392,0,0.9981727600097656,0.0013175366725772884,5774,1,1.0,0.2402464065708419,86,487
22,ToothFairy3F_044,44,0,1.5519042015075684,3.0,1.6852277517318726,0.9279503226280212,0,0.9987543821334839,0.0026274568680673834,5982,1,1.0,0.29914529914529914,75,351
22,ToothFairy3F_044,45,0,1.6035228967666626,3.605551242828369,1.7474104166030884,0.8820288777351379,0,0.9986698627471924,0.0036519041424617166,6350,1,1.0,0.32193732193732194,70,351
22,ToothFairy3F_044,46,1,3.8617630004882812,7.6157732009887695,3.999053478240967,3.2200329303741455,0,0.9990398287773132,0.04905918888747656,10366,1,1.0,0.06645056726094004,132,617
22,ToothFairy3F_044,47,0,1.5148755311965942,3.1622776985168457,1.6607743501663208,0.9055936336517334,0,0.9998395442962646,0.03138825599103895,11608,1,1.0,0.3440134907251265,142,593
22,ToothFairy3F_052,11,0,1.594440221786499,3.316624879837036,1.7493896484375,0.8063028454780579,0,0.9995974898338318,0.5700164490938189,8521,1,1.0,0.3325242718446602,81,412
22,ToothFairy3F_052,12,0,3.1661181449890137,7.071067810058594,3.3687586784362793,1.8567485809326172,0,0.9990135431289673,0.00764663345646093,5341,1,1.0,0.09047619047619047,65,420
22,ToothFairy3F_052,13,0,1.347435474395752,3.0,1.515498399734497,0.5184509754180908,0,0.9994404911994934,0.03351540584117174,7601,1,1.0,0.39863325740318906,89,439
22,ToothFairy3F_052,14,0,1.3573384284973145,3.0,1.5079466104507446,0.5955418348312378,0,0.9994745850563049,0.13217295706272125,7367,1,1.0,0.4091954022988506,86,435
22,ToothFairy3F_052,15,0,1.539394736289978,3.1622776985168457,1.6884546279907227,0.8186476826667786,0,0.9993228912353516,0.07419279389082703,7469,1,1.0,0.30413625304136255,85,411
22,ToothFairy3F_052,21,0,1.6403955221176147,3.6599937438964814,1.8052587509155273,0.860170841217041,0,0.9993882179260254,0.24488650575280252,8260,1,1.0,0.33906633906633904,86,407
22,ToothFairy3F_052,22,0,1.2352397441864014,3.0,1.3912508487701416,0.38368019461631775,0,0.998813271522522,0.007363752690143889,5719,1,1.0,0.4910941475826972,72,393
22,ToothFairy3F_052,23,0,2.104269504547119,4.4721360206604,2.2494406700134277,1.4042233228683472,0,0.999408483505249,0.046712311916053295,7758,1,1.0,0.22811059907834103,90,434
22,ToothFairy3F_052,24,0,1.982064962387085,4.123105525970459,2.1265006065368652,1.3107677698135376,0,0.9990886449813843,0.022975593339651823,7259,1,1.0,0.254278728606357,88,409
22,ToothFairy3F_052,25,0,1.1792348623275757,2.2360680103302,1.3192529678344727,0.46267151832580566,0,0.9990870952606201,0.05065942473709438,7143,1,1.0,0.47126436781609193,85,435
22,ToothFairy3F_052,26,0,1.0785969495773315,2.2360680103302,1.229111909866333,0.4012797772884369,0,0.999670147895813,0.14464408501986234,10126,1,1.0,0.5055555555555555,120,540
22,ToothFairy3F_052,27,0,1.5242573022842407,3.1622776985168457,1.6683944463729858,0.8408924341201782,0,0.9995183944702148,0.12427346333862438,9971,1,1.0,0.3540489642184557,112,531
22,ToothFairy3F_052,31,1,3.534552574157715,8.66025447845459,3.8729772567749023,1.9671128988265991,0,0.943510115146637,0.000123895294818795,481,3,0.40332640332640335,0.16477272727272727,76,352
22,ToothFairy3F_052,32,1,3.0595157146453857,5.385164737701416,3.249437093734741,1.9832955598831177,0,0.9960009455680847,0.0002455220260890213,1559,2,0.9134060295060936,0.08695652173913043,69,391
22,ToothFairy3F_052,33,1,2.7451696395874023,8.086970138549804,3.033428907394409,1.4603551626205444,0,0.994845986366272,0.0005842175986617822,1821,2,0.9615595826468973,0.19230769230769232,105,468
22,ToothFairy3F_052,34,0,2.4334254264831543,4.123105525970459,2.5942068099975586,1.5766897201538086,0,0.9973134398460388,0.0005142556200735277,3637,1,1.0,0.09651474530831099,70,373
22,ToothFairy3F_052,35,0,1.4070035219192505,3.316624879837036,1.5640000104904175,0.5857903957366943,0,0.9990485310554504,0.004057308519259802,6924,1,1.0,0.4632352941176471,78,408
22,ToothFairy3F_052,36,0,1.3383469581604004,2.837005722522728,1.48212468624115,0.5914666652679443,0,0.9997147917747498,0.08202406987547858,11264,1,1.0,0.39522998296422485,113,587
22,ToothFairy3F_052,37,0,3.554455280303955,15.02642879486083,1.7813442945480347,7.141238689422607,0,0.9991518259048462,0.09884160652756681,11313,2,0.997524971271988,0.3376413570274637,306,619
22,ToothFairy3F_052,41,1,4.108325481414795,10.0,4.459219932556152,1.8216651678085327,0,0.9735930562019348,9.564751439029192e-05,454,2,0.9383259911894273,0.16624040920716113,60,391
22,ToothFairy3F_052,42,1,3.667884349822998,10.049875259399414,3.974752187728882,2.0414845943450928,0,0.9795524477958679,0.00011687713282299227,1427,1,1.0,0.12668463611859837,70,371
22,ToothFairy3F_052,43,0,2.228226661682129,5.099019527435303,2.431673049926758,1.195923924446106,0,0.9964255690574646,0.0007277872483246049,3776,1,1.0,0.24087591240875914,81,411
22,ToothFairy3F_052,44,0,1.7978547811508179,4.123105525970459,1.9471232891082764,0.9448926448822021,0,0.9979802966117859,0.0018888329074252515,5119,1,1.0,0.3,70,400
22,ToothFairy3F_052,45,0,1.6037473678588867,3.1622776985168457,1.7438701391220093,0.92481929063797,0,0.9988538026809692,0.002593357004225291,6683,1,1.0,0.28501228501228504,84,407
22,ToothFairy3F_052,46,0,2.1224172115325928,4.398532032966616,2.2663145065307617,1.4155552387237549,0,0.999423623085022,0.019085598494857914,10458,1,1.0,0.20714285714285716,114,560
22,ToothFairy3F_052,47,0,1.3313608169555664,2.8284270763397217,1.484908103942871,0.5851746797561646,0,0.9994912147521973,0.15082847952842626,11152,1,1.0,0.37184115523465705,114,554
